municipality,id,title,points_count,avg_score,min_score,max_score
Савёловский,commercial_household,Коммерческая и бытовая инфраструктура,9,99.865556,98.960000,100.000000
Мещанский,commercial_household,Коммерческая и бытовая инфраструктура,17,99.368235,93.700000,100.000000
Аэропорт,commercial_household,Коммерческая и бытовая инфраструктура,18,99.097778,94.300000,100.000000
Кузьминки,commercial_household,Коммерческая и бытовая инфраструктура,17,98.348235,93.440000,100.000000
Орехово-Борисово Северное,commercial_household,Коммерческая и бытовая инфраструктура,15,98.225333,92.840000,100.000000
Южное Медведково,commercial_household,Коммерческая и бытовая инфраструктура,11,97.971818,89.420000,100.000000
Бескудниковский,commercial_household,Коммерческая и бытовая инфраструктура,10,96.960000,91.040000,100.000000
Марьина Роща,commercial_household,Коммерческая и бытовая инфраструктура,17,96.728824,90.460000,100.000000
Котловка,commercial_household,Коммерческая и бытовая инфраструктура,11,96.671818,90.500000,100.000000
Красносельский,commercial_household,Коммерческая и бытовая инфраструктура,20,96.301000,90.850000,100.000000
Новогиреево,commercial_household,Коммерческая и бытовая инфраструктура,19,96.270000,75.800000,100.000000
Бабушкинский,commercial_household,Коммерческая и бытовая инфраструктура,19,96.230000,89.590000,100.000000
Марьино,commercial_household,Коммерческая и бытовая инфраструктура,34,96.075000,88.630000,100.000000
Северное Тушино,commercial_household,Коммерческая и бытовая инфраструктура,21,95.934762,50.580000,100.000000
Басманный,commercial_household,Коммерческая и бытовая инфраструктура,32,95.718750,86.730000,100.000000
Таганский,commercial_household,Коммерческая и бытовая инфраструктура,30,95.636000,83.160000,100.000000
Хамовники,commercial_household,Коммерческая и бытовая инфраструктура,27,95.537407,84.430000,100.000000
Преображенское,commercial_household,Коммерческая и бытовая инфраструктура,18,95.512778,83.800000,100.000000
Текстильщики,commercial_household,Коммерческая и бытовая инфраструктура,18,95.381111,75.440000,100.000000
Восточное Измайлово,commercial_household,Коммерческая и бытовая инфраструктура,14,95.316429,67.370000,100.000000
Замоскворечье,commercial_household,Коммерческая и бытовая инфраструктура,19,95.288947,89.400000,100.000000
Ломоносовский,commercial_household,Коммерческая и бытовая инфраструктура,14,95.101429,92.000000,100.000000
Алексеевский,commercial_household,Коммерческая и бытовая инфраструктура,21,94.865714,79.230000,100.000000
Якиманка,commercial_household,Коммерческая и бытовая инфраструктура,11,94.799091,88.080000,99.480000
Зябликово,commercial_household,Коммерческая и бытовая инфраструктура,16,94.736875,48.430000,100.000000
Северное Бутово,commercial_household,Коммерческая и бытовая инфраструктура,15,94.693333,82.100000,100.000000
Гольяново,commercial_household,Коммерческая и бытовая инфраструктура,35,94.651714,79.980000,100.000000
Академический,commercial_household,Коммерческая и бытовая инфраструктура,21,94.574762,85.620000,100.000000
Черёмушки,commercial_household,Коммерческая и бытовая инфраструктура,23,94.553043,84.860000,100.000000
Северное Медведково,commercial_household,Коммерческая и бытовая инфраструктура,21,94.392857,84.500000,100.000000
Южнопортовый,commercial_household,Коммерческая и бытовая инфраструктура,17,94.147059,78.270000,100.000000
Измайлово,commercial_household,Коммерческая и бытовая инфраструктура,27,93.963704,76.410000,100.000000
Северное Измайлово,commercial_household,Коммерческая и бытовая инфраструктура,12,93.906667,86.400000,100.000000
Нагорный,commercial_household,Коммерческая и бытовая инфраструктура,21,93.820476,84.970000,100.000000
Донской,commercial_household,Коммерческая и бытовая инфраструктура,19,93.727895,77.630000,100.000000
Коптево,commercial_household,Коммерческая и бытовая инфраструктура,19,93.657368,80.020000,100.000000
Ивановское,commercial_household,Коммерческая и бытовая инфраструктура,20,93.631000,82.830000,100.000000
Новокосино,commercial_household,Коммерческая и бытовая инфраструктура,13,93.522308,72.140000,100.000000
Войковский,commercial_household,Коммерческая и бытовая инфраструктура,17,93.454706,89.470000,99.830000
Зюзино,commercial_household,Коммерческая и бытовая инфраструктура,20,93.453000,84.550000,100.000000
Фили-Давыдково,commercial_household,Коммерческая и бытовая инфраструктура,20,93.446000,78.270000,100.000000
Соколиная Гора,commercial_household,Коммерческая и бытовая инфраструктура,32,93.341875,75.900000,100.000000
Рязанский,commercial_household,Коммерческая и бытовая инфраструктура,26,93.236154,87.570000,100.000000
Тверской,commercial_household,Коммерческая и бытовая инфраструктура,24,93.234167,85.880000,100.000000
Бибирево,commercial_household,Коммерческая и бытовая инфраструктура,23,92.861304,81.870000,100.000000
Ховрино,commercial_household,Коммерческая и бытовая инфраструктура,19,92.853158,70.660000,100.000000
Дорогомилово,commercial_household,Коммерческая и бытовая инфраструктура,27,92.830000,55.200000,100.000000
Южное Тушино,commercial_household,Коммерческая и бытовая инфраструктура,18,92.747778,69.900000,100.000000
Коньково,commercial_household,Коммерческая и бытовая инфраструктура,25,92.692800,77.750000,100.000000
Бутырский,commercial_household,Коммерческая и бытовая инфраструктура,22,92.668182,84.740000,100.000000
Митино,commercial_household,Коммерческая и бытовая инфраструктура,36,92.605556,68.960000,100.000000
Богородское,commercial_household,Коммерческая и бытовая инфраструктура,20,92.484500,75.010000,99.500000
Беговой,commercial_household,Коммерческая и бытовая инфраструктура,18,92.451667,77.710000,100.000000
Сокол,commercial_household,Коммерческая и бытовая инфраструктура,12,92.198333,88.910000,94.390000
Восточное Дегунино,commercial_household,Коммерческая и бытовая инфраструктура,12,92.140833,85.640000,98.260000
Гагаринский,commercial_household,Коммерческая и бытовая инфраструктура,18,92.135556,64.520000,100.000000
Лианозово,commercial_household,Коммерческая и бытовая инфраструктура,16,92.103125,74.480000,100.000000
Обручевский,commercial_household,Коммерческая и бытовая инфраструктура,16,91.961250,88.820000,100.000000
Хорошёвский,commercial_household,Коммерческая и бытовая инфраструктура,30,91.567333,58.500000,100.000000
Арбат,commercial_household,Коммерческая и бытовая инфраструктура,8,91.335000,90.360000,92.610000
Проспект Вернадского,commercial_household,Коммерческая и бытовая инфраструктура,15,91.304000,85.950000,93.870000
Даниловский,commercial_household,Коммерческая и бытовая инфраструктура,42,90.977143,64.170000,100.000000
Отрадное,commercial_household,Коммерческая и бытовая инфраструктура,38,90.892105,83.440000,100.000000
Останкинский,commercial_household,Коммерческая и бытовая инфраструктура,25,90.412400,69.300000,100.000000
Филёвский Парк,commercial_household,Коммерческая и бытовая инфраструктура,23,90.297826,24.240000,100.000000
Пресненский,commercial_household,Коммерческая и бытовая инфраструктура,42,90.108095,73.150000,99.240000
Куркино,commercial_household,Коммерческая и бытовая инфраструктура,17,89.977059,63.110000,100.000000
Выхино-Жулебино,commercial_household,Коммерческая и бытовая инфраструктура,41,89.778780,50.690000,100.000000
Орехово-Борисово Южное,commercial_household,Коммерческая и бытовая инфраструктура,24,89.748750,34.480000,100.000000
Тёплый Стан,commercial_household,Коммерческая и бытовая инфраструктура,22,89.747273,79.380000,100.000000
Марфино,commercial_household,Коммерческая и бытовая инфраструктура,8,89.708750,86.670000,90.630000
Нагатинский Затон,commercial_household,Коммерческая и бытовая инфраструктура,22,89.547727,61.480000,99.410000
Щукино,commercial_household,Коммерческая и бытовая инфраструктура,24,89.511250,67.390000,98.400000
Лефортово,commercial_household,Коммерческая и бытовая инфраструктура,30,89.413333,64.930000,99.330000
Москворечье-Сабурово,commercial_household,Коммерческая и бытовая инфраструктура,28,89.247857,41.870000,100.000000
Свиблово,commercial_household,Коммерческая и бытовая инфраструктура,16,89.130000,71.630000,93.050000
Перово,commercial_household,Коммерческая и бытовая инфраструктура,35,88.936857,34.420000,100.000000
Головинский,commercial_household,Коммерческая и бытовая инфраструктура,32,88.723438,66.640000,100.000000
Лосиноостровский,commercial_household,Коммерческая и бытовая инфраструктура,16,88.644375,58.000000,100.000000
Ростокино,commercial_household,Коммерческая и бытовая инфраструктура,11,88.112727,81.180000,91.270000
Ясенево,commercial_household,Коммерческая и бытовая инфраструктура,34,88.106765,7.290000,100.000000
Алтуфьевский,commercial_household,Коммерческая и бытовая инфраструктура,12,88.025833,70.860000,99.580000
Вешняки,commercial_household,Коммерческая и бытовая инфраструктура,24,87.947083,72.830000,98.410000
Левобережный,commercial_household,Коммерческая и бытовая инфраструктура,12,87.722500,51.050000,100.000000
Западное Дегунино,commercial_household,Коммерческая и бытовая инфраструктура,27,87.194815,57.650000,100.000000
Дмитровский,commercial_household,Коммерческая и бытовая инфраструктура,28,86.977500,28.420000,100.000000
Сокольники,commercial_household,Коммерческая и бытовая инфраструктура,22,86.839091,19.450000,100.000000
Нижегородский,commercial_household,Коммерческая и бытовая инфраструктура,27,86.230741,55.270000,95.570000
Нагатино-Садовники,commercial_household,Коммерческая и бытовая инфраструктура,24,86.088750,73.840000,98.110000
Чертаново Южное,commercial_household,Коммерческая и бытовая инфраструктура,30,85.982000,47.440000,99.680000
Покровское-Стрешнево,commercial_household,Коммерческая и бытовая инфраструктура,36,85.569167,51.520000,100.000000
Чертаново Северное,commercial_household,Коммерческая и бытовая инфраструктура,20,84.459500,60.070000,92.270000
Раменки,commercial_household,Коммерческая и бытовая инфраструктура,59,83.777288,22.300000,100.000000
Тимирязевский,commercial_household,Коммерческая и бытовая инфраструктура,25,83.485200,36.490000,99.470000
Царицыно,commercial_household,Коммерческая и бытовая инфраструктура,30,83.038333,48.170000,100.000000
Тропарёво-Никулино,commercial_household,Коммерческая и бытовая инфраструктура,30,81.712333,6.310000,98.430000
Чертаново Центральное,commercial_household,Коммерческая и бытовая инфраструктура,24,81.133333,6.860000,100.000000
Солнцево,commercial_household,Коммерческая и бытовая инфраструктура,39,80.748205,27.080000,100.000000
Люблино,commercial_household,Коммерческая и бытовая инфраструктура,50,80.305000,19.480000,100.000000
Косино-Ухтомский,commercial_household,Коммерческая и бытовая инфраструктура,44,80.145455,3.390000,100.000000
Матушкино,commercial_household,Коммерческая и бытовая инфраструктура,14,80.076429,34.930000,99.390000
Братеево,commercial_household,Коммерческая и бытовая инфраструктура,18,79.970556,11.880000,100.000000
Можайский,commercial_household,Коммерческая и бытовая инфраструктура,52,79.519615,11.450000,100.000000
Старое Крюково,commercial_household,Коммерческая и бытовая инфраструктура,9,78.142222,31.080000,99.920000
Хорошёво-Мнёвники,commercial_household,Коммерческая и бытовая инфраструктура,44,77.969318,1.620000,100.000000
Бирюлёво Восточное,commercial_household,Коммерческая и бытовая инфраструктура,32,77.845625,18.210000,92.960000
Ярославский,commercial_household,Коммерческая и бытовая инфраструктура,28,76.997500,0.850000,97.560000
Щербинка,commercial_household,Коммерческая и бытовая инфраструктура,29,75.999310,36.440000,95.840000
Строгино,commercial_household,Коммерческая и бытовая инфраструктура,29,75.261379,14.530000,90.870000
Ново-Переделкино,commercial_household,Коммерческая и бытовая инфраструктура,26,74.777308,11.090000,100.000000
Метрогородок,commercial_household,Коммерческая и бытовая инфраструктура,18,73.765000,1.080000,99.810000
Южное Бутово,commercial_household,Коммерческая и бытовая инфраструктура,76,72.788816,2.460000,100.000000
Некрасовка,commercial_household,Коммерческая и бытовая инфраструктура,34,71.089706,5.760000,100.000000
Восточный,commercial_household,Коммерческая и бытовая инфраструктура,9,68.438889,41.210000,95.310000
Северный,commercial_household,Коммерческая и бытовая инфраструктура,30,68.257667,23.080000,100.000000
Троицк,commercial_household,Коммерческая и бытовая инфраструктура,36,66.260833,0.200000,100.000000
Очаково-Матвеевское,commercial_household,Коммерческая и бытовая инфраструктура,52,65.800000,24.670000,96.790000
Бирюлёво Западное,commercial_household,Коммерческая и бытовая инфраструктура,28,64.687857,11.890000,87.250000
Печатники,commercial_household,Коммерческая и бытовая инфраструктура,59,63.583559,3.330000,99.650000
"""Мосрентген""",commercial_household,Коммерческая и бытовая инфраструктура,20,63.282500,30.040000,90.490000
Московский,commercial_household,Коммерческая и бытовая инфраструктура,90,62.437000,1.550000,97.190000
Внуковское,commercial_household,Коммерческая и бытовая инфраструктура,48,60.703958,5.580000,99.380000
Савёлки,commercial_household,Коммерческая и бытовая инфраструктура,19,59.349474,5.070000,93.540000
Крюково,commercial_household,Коммерческая и бытовая инфраструктура,34,58.174706,0.890000,100.000000
Крылатское,commercial_household,Коммерческая и бытовая инфраструктура,34,55.013235,0.000000,90.360000
Сосенское,commercial_household,Коммерческая и бытовая инфраструктура,153,54.549739,0.000000,93.430000
Силино,commercial_household,Коммерческая и бытовая инфраструктура,17,54.500588,1.130000,100.000000
Молжаниновский,commercial_household,Коммерческая и бытовая инфраструктура,24,52.578750,0.720000,79.680000
Кокошкино,commercial_household,Коммерческая и бытовая инфраструктура,28,50.859286,5.520000,90.690000
Капотня,commercial_household,Коммерческая и бытовая инфраструктура,23,42.000870,3.260000,84.990000
Внуково,commercial_household,Коммерческая и бытовая инфраструктура,56,39.987143,0.000000,96.180000
Десёновское,commercial_household,Коммерческая и бытовая инфраструктура,103,34.792621,0.000000,94.980000
Воскресенское,commercial_household,Коммерческая и бытовая инфраструктура,52,34.490962,1.480000,89.710000
Филимонковское,commercial_household,Коммерческая и бытовая инфраструктура,57,31.523860,0.000000,64.570000
Рязановское,commercial_household,Коммерческая и бытовая инфраструктура,109,30.654587,0.000000,86.020000
Марушкинское,commercial_household,Коммерческая и бытовая инфраструктура,139,30.474029,0.000000,89.540000
Кунцево,commercial_household,Коммерческая и бытовая инфраструктура,136,29.656912,0.000000,99.510000
Киевский,commercial_household,Коммерческая и бытовая инфраструктура,65,16.465077,0.000000,70.040000
Первомайское,commercial_household,Коммерческая и бытовая инфраструктура,216,14.625833,0.000000,70.040000
Михайлово-Ярцевское,commercial_household,Коммерческая и бытовая инфраструктура,110,10.569182,0.000000,55.420000
Краснопахорское,commercial_household,Коммерческая и бытовая инфраструктура,170,10.375471,0.000000,57.060000
Вороновское,commercial_household,Коммерческая и бытовая инфраструктура,318,9.573899,0.000000,65.770000
Новофёдоровское,commercial_household,Коммерческая и бытовая инфраструктура,222,8.732973,0.000000,67.230000
Щаповское,commercial_household,Коммерческая и бытовая инфраструктура,202,8.348218,0.000000,55.420000
Роговское,commercial_household,Коммерческая и бытовая инфраструктура,229,6.335109,0.000000,60.430000
Клёновское,commercial_household,Коммерческая и бытовая инфраструктура,234,3.429060,0.000000,57.220000
Хамовники,recreation_environment,Рекреация и экологическая комфортность,27,79.086667,73.590000,85.110000
Арбат,recreation_environment,Рекреация и экологическая комфортность,8,78.341250,66.880000,84.690000
Новогиреево,recreation_environment,Рекреация и экологическая комфортность,19,75.614211,68.920000,83.720000
Якиманка,recreation_environment,Рекреация и экологическая комфортность,11,75.359091,63.940000,82.070000
Дорогомилово,recreation_environment,Рекреация и экологическая комфортность,27,75.186667,57.500000,84.930000
Сокольники,recreation_environment,Рекреация и экологическая комфортность,22,74.592727,64.630000,89.080000
Ивановское,recreation_environment,Рекреация и экологическая комфортность,20,74.558500,55.150000,84.340000
Братеево,recreation_environment,Рекреация и экологическая комфортность,18,74.502222,68.150000,79.620000
Ростокино,recreation_environment,Рекреация и экологическая комфортность,11,74.131818,68.010000,81.570000
Филёвский Парк,recreation_environment,Рекреация и экологическая комфортность,23,74.030000,62.520000,90.520000
Старое Крюково,recreation_environment,Рекреация и экологическая комфортность,9,73.507778,61.030000,82.410000
Нагатинский Затон,recreation_environment,Рекреация и экологическая комфортность,22,73.474545,65.060000,82.760000
Левобережный,recreation_environment,Рекреация и экологическая комфортность,12,73.350833,63.960000,87.670000
Южное Тушино,recreation_environment,Рекреация и экологическая комфортность,18,72.847222,64.310000,84.530000
Басманный,recreation_environment,Рекреация и экологическая комфортность,32,71.787813,58.140000,82.490000
Проспект Вернадского,recreation_environment,Рекреация и экологическая комфортность,15,71.640667,62.880000,82.190000
Хорошёво-Мнёвники,recreation_environment,Рекреация и экологическая комфортность,44,71.557955,55.900000,88.490000
Преображенское,recreation_environment,Рекреация и экологическая комфортность,18,71.122778,63.350000,76.960000
Пресненский,recreation_environment,Рекреация и экологическая комфортность,42,71.098333,47.810000,85.830000
Покровское-Стрешнево,recreation_environment,Рекреация и экологическая комфортность,36,70.949722,50.520000,84.550000
Северное Бутово,recreation_environment,Рекреация и экологическая комфортность,15,70.662667,57.140000,83.200000
Гагаринский,recreation_environment,Рекреация и экологическая комфортность,18,70.591111,58.910000,80.580000
Измайлово,recreation_environment,Рекреация и экологическая комфортность,27,70.572963,53.590000,86.240000
Ломоносовский,recreation_environment,Рекреация и экологическая комфортность,14,70.567143,59.790000,84.280000
Таганский,recreation_environment,Рекреация и экологическая комфортность,30,70.504667,53.880000,85.110000
Орехово-Борисово Северное,recreation_environment,Рекреация и экологическая комфортность,15,70.168000,60.840000,81.350000
Ясенево,recreation_environment,Рекреация и экологическая комфортность,34,69.621176,55.040000,78.990000
Сокол,recreation_environment,Рекреация и экологическая комфортность,12,69.555833,66.430000,79.940000
Лианозово,recreation_environment,Рекреация и экологическая комфортность,16,69.191250,52.990000,80.340000
Котловка,recreation_environment,Рекреация и экологическая комфортность,11,68.857273,57.550000,74.670000
Раменки,recreation_environment,Рекреация и экологическая комфортность,59,68.738644,58.480000,88.490000
Даниловский,recreation_environment,Рекреация и экологическая комфортность,42,68.672857,60.730000,75.830000
Донской,recreation_environment,Рекреация и экологическая комфортность,19,68.635789,57.980000,81.620000
Лосиноостровский,recreation_environment,Рекреация и экологическая комфортность,16,68.614375,57.780000,76.280000
Тверской,recreation_environment,Рекреация и экологическая комфортность,24,68.527917,53.980000,85.760000
Восточное Измайлово,recreation_environment,Рекреация и экологическая комфортность,14,67.978571,52.660000,79.670000
Обручевский,recreation_environment,Рекреация и экологическая комфортность,16,67.909375,60.600000,77.770000
Тимирязевский,recreation_environment,Рекреация и экологическая комфортность,25,67.839200,56.540000,79.980000
Бирюлёво Восточное,recreation_environment,Рекреация и экологическая комфортность,32,67.685000,34.870000,87.250000
Митино,recreation_environment,Рекреация и экологическая комфортность,36,67.665278,57.930000,79.610000
Замоскворечье,recreation_environment,Рекреация и экологическая комфортность,19,67.461053,56.750000,83.260000
Мещанский,recreation_environment,Рекреация и экологическая комфортность,17,67.448235,53.500000,76.400000
Свиблово,recreation_environment,Рекреация и экологическая комфортность,16,67.290000,48.130000,81.650000
Тропарёво-Никулино,recreation_environment,Рекреация и экологическая комфортность,30,67.255333,57.530000,80.000000
Новокосино,recreation_environment,Рекреация и экологическая комфортность,13,67.079231,59.430000,73.840000
Зябликово,recreation_environment,Рекреация и экологическая комфортность,16,67.059375,48.630000,77.610000
Вешняки,recreation_environment,Рекреация и экологическая комфортность,24,66.867083,47.970000,84.650000
Щукино,recreation_environment,Рекреация и экологическая комфортность,24,66.630417,54.100000,78.020000
Алексеевский,recreation_environment,Рекреация и экологическая комфортность,21,66.447619,50.010000,81.460000
Орехово-Борисово Южное,recreation_environment,Рекреация и экологическая комфортность,24,66.437917,49.800000,80.400000
Войковский,recreation_environment,Рекреация и экологическая комфортность,17,66.397647,51.600000,79.620000
Савёлки,recreation_environment,Рекреация и экологическая комфортность,19,65.991053,45.950000,79.380000
Фили-Давыдково,recreation_environment,Рекреация и экологическая комфортность,20,65.962500,55.390000,79.920000
Бабушкинский,recreation_environment,Рекреация и экологическая комфортность,19,65.477895,56.330000,71.000000
Тёплый Стан,recreation_environment,Рекреация и экологическая комфортность,22,65.467273,54.290000,78.000000
Бибирево,recreation_environment,Рекреация и экологическая комфортность,23,65.403478,50.880000,80.160000
Северное Тушино,recreation_environment,Рекреация и экологическая комфортность,21,65.033810,51.510000,77.080000
Ховрино,recreation_environment,Рекреация и экологическая комфортность,19,64.944737,52.110000,82.570000
Останкинский,recreation_environment,Рекреация и экологическая комфортность,25,64.422000,43.100000,80.770000
Строгино,recreation_environment,Рекреация и экологическая комфортность,29,64.022759,39.370000,79.350000
Солнцево,recreation_environment,Рекреация и экологическая комфортность,39,64.013590,39.830000,80.600000
Коптево,recreation_environment,Рекреация и экологическая комфортность,19,63.933158,42.100000,79.310000
Зюзино,recreation_environment,Рекреация и экологическая комфортность,20,63.683000,56.160000,75.220000
Марфино,recreation_environment,Рекреация и экологическая комфортность,8,63.546250,58.280000,72.380000
Академический,recreation_environment,Рекреация и экологическая комфортность,21,63.379048,55.160000,72.640000
Дмитровский,recreation_environment,Рекреация и экологическая комфортность,28,63.210357,49.910000,72.990000
Коньково,recreation_environment,Рекреация и экологическая комфортность,25,63.100000,53.550000,72.800000
Головинский,recreation_environment,Рекреация и экологическая комфортность,32,63.032812,39.620000,77.290000
Богородское,recreation_environment,Рекреация и экологическая комфортность,20,63.007500,50.400000,78.640000
Куркино,recreation_environment,Рекреация и экологическая комфортность,17,63.002941,52.730000,72.530000
Северный,recreation_environment,Рекреация и экологическая комфортность,30,62.590000,39.990000,77.950000
Крылатское,recreation_environment,Рекреация и экологическая комфортность,34,62.054118,43.500000,81.920000
Можайский,recreation_environment,Рекреация и экологическая комфортность,52,61.965000,47.980000,76.120000
Аэропорт,recreation_environment,Рекреация и экологическая комфортность,18,61.828333,45.640000,68.680000
Чертаново Южное,recreation_environment,Рекреация и экологическая комфортность,30,61.662333,46.340000,75.920000
Южное Бутово,recreation_environment,Рекреация и экологическая комфортность,76,61.355921,36.400000,79.660000
Косино-Ухтомский,recreation_environment,Рекреация и экологическая комфортность,44,61.062273,47.340000,73.230000
Чертаново Северное,recreation_environment,Рекреация и экологическая комфортность,20,61.006000,40.630000,74.930000
Северное Медведково,recreation_environment,Рекреация и экологическая комфортность,21,60.979048,49.820000,69.880000
Перово,recreation_environment,Рекреация и экологическая комфортность,35,60.439429,37.480000,73.220000
Нагатино-Садовники,recreation_environment,Рекреация и экологическая комфортность,24,60.427917,45.440000,80.050000
Савёловский,recreation_environment,Рекреация и экологическая комфортность,9,60.416667,54.420000,65.530000
Марьино,recreation_environment,Рекреация и экологическая комфортность,34,60.378824,45.980000,78.800000
Некрасовка,recreation_environment,Рекреация и экологическая комфортность,34,60.372647,49.520000,75.750000
Люблино,recreation_environment,Рекреация и экологическая комфортность,50,60.281800,42.570000,86.120000
Москворечье-Сабурово,recreation_environment,Рекреация и экологическая комфортность,28,60.091071,37.500000,79.150000
Соколиная Гора,recreation_environment,Рекреация и экологическая комфортность,32,59.889375,42.580000,79.040000
Кузьминки,recreation_environment,Рекреация и экологическая комфортность,17,59.818824,43.090000,85.550000
Ярославский,recreation_environment,Рекреация и экологическая комфортность,28,59.615357,43.360000,70.850000
Царицыно,recreation_environment,Рекреация и экологическая комфортность,30,59.609333,37.000000,83.750000
Красносельский,recreation_environment,Рекреация и экологическая комфортность,20,59.389500,52.820000,67.400000
Ново-Переделкино,recreation_environment,Рекреация и экологическая комфортность,26,59.263846,41.890000,71.480000
Внуковское,recreation_environment,Рекреация и экологическая комфортность,48,59.231250,43.320000,78.380000
Текстильщики,recreation_environment,Рекреация и экологическая комфортность,18,58.886667,37.340000,83.440000
Выхино-Жулебино,recreation_environment,Рекреация и экологическая комфортность,41,58.876098,39.560000,85.590000
Крюково,recreation_environment,Рекреация и экологическая комфортность,34,58.672059,35.210000,74.940000
Нагорный,recreation_environment,Рекреация и экологическая комфортность,21,58.655238,47.200000,71.700000
Очаково-Матвеевское,recreation_environment,Рекреация и экологическая комфортность,52,58.627308,46.410000,77.020000
Матушкино,recreation_environment,Рекреация и экологическая комфортность,14,58.475000,38.600000,84.020000
Печатники,recreation_environment,Рекреация и экологическая комфортность,59,58.053729,23.790000,88.490000
Молжаниновский,recreation_environment,Рекреация и экологическая комфортность,24,58.050000,49.120000,70.540000
Отрадное,recreation_environment,Рекреация и экологическая комфортность,38,57.780263,47.540000,72.550000
Лефортово,recreation_environment,Рекреация и экологическая комфортность,30,57.760000,43.770000,75.510000
Южное Медведково,recreation_environment,Рекреация и экологическая комфортность,11,57.610000,45.280000,70.220000
Капотня,recreation_environment,Рекреация и экологическая комфортность,23,57.574348,43.240000,69.660000
Бескудниковский,recreation_environment,Рекреация и экологическая комфортность,10,57.327000,52.350000,62.090000
Хорошёвский,recreation_environment,Рекреация и экологическая комфортность,30,57.317667,34.280000,70.130000
Беговой,recreation_environment,Рекреация и экологическая комфортность,18,57.313889,46.160000,63.510000
Московский,recreation_environment,Рекреация и экологическая комфортность,90,57.115556,34.630000,73.590000
Марьина Роща,recreation_environment,Рекреация и экологическая комфортность,17,57.071176,47.250000,68.390000
Гольяново,recreation_environment,Рекреация и экологическая комфортность,35,57.047714,33.940000,77.510000
Силино,recreation_environment,Рекреация и экологическая комфортность,17,56.861765,35.370000,75.510000
Западное Дегунино,recreation_environment,Рекреация и экологическая комфортность,27,55.919630,38.480000,68.510000
Северное Измайлово,recreation_environment,Рекреация и экологическая комфортность,12,55.907500,47.810000,68.640000
Черёмушки,recreation_environment,Рекреация и экологическая комфортность,23,55.893043,45.800000,70.250000
Бутырский,recreation_environment,Рекреация и экологическая комфортность,22,55.867727,44.780000,71.350000
Алтуфьевский,recreation_environment,Рекреация и экологическая комфортность,12,55.557500,50.140000,61.300000
Южнопортовый,recreation_environment,Рекреация и экологическая комфортность,17,55.295882,42.260000,74.570000
Чертаново Центральное,recreation_environment,Рекреация и экологическая комфортность,24,55.222083,34.690000,72.910000
Восточное Дегунино,recreation_environment,Рекреация и экологическая комфортность,12,55.140000,46.230000,59.980000
Сосенское,recreation_environment,Рекреация и экологическая комфортность,153,54.577582,32.590000,73.590000
Воскресенское,recreation_environment,Рекреация и экологическая комфортность,52,54.104808,29.900000,74.660000
"""Мосрентген""",recreation_environment,Рекреация и экологическая комфортность,20,53.500000,37.000000,65.210000
Рязановское,recreation_environment,Рекреация и экологическая комфортность,109,53.093945,38.620000,71.500000
Кунцево,recreation_environment,Рекреация и экологическая комфортность,136,51.932132,31.920000,79.640000
Восточный,recreation_environment,Рекреация и экологическая комфортность,9,51.356667,46.560000,60.440000
Рязанский,recreation_environment,Рекреация и экологическая комфортность,26,51.095385,39.430000,63.230000
Троицк,recreation_environment,Рекреация и экологическая комфортность,36,50.560556,32.110000,69.590000
Щербинка,recreation_environment,Рекреация и экологическая комфортность,29,49.673103,31.630000,65.660000
Филимонковское,recreation_environment,Рекреация и экологическая комфортность,57,49.612982,33.320000,73.200000
Нижегородский,recreation_environment,Рекреация и экологическая комфортность,27,48.439630,30.510000,64.660000
Бирюлёво Западное,recreation_environment,Рекреация и экологическая комфортность,28,48.333929,30.860000,71.950000
Внуково,recreation_environment,Рекреация и экологическая комфортность,56,48.072857,31.250000,76.460000
Метрогородок,recreation_environment,Рекреация и экологическая комфортность,18,46.282222,38.320000,57.740000
Десёновское,recreation_environment,Рекреация и экологическая комфортность,103,46.269903,25.810000,63.130000
Марушкинское,recreation_environment,Рекреация и экологическая комфортность,139,46.072230,28.820000,69.260000
Михайлово-Ярцевское,recreation_environment,Рекреация и экологическая комфортность,110,46.040636,31.120000,62.110000
Кокошкино,recreation_environment,Рекреация и экологическая комфортность,28,45.434286,38.290000,51.500000
Киевский,recreation_environment,Рекреация и экологическая комфортность,65,43.957846,31.550000,65.580000
Вороновское,recreation_environment,Рекреация и экологическая комфортность,318,43.904151,25.950000,65.610000
Первомайское,recreation_environment,Рекреация и экологическая комфортность,216,43.415139,29.040000,65.590000
Краснопахорское,recreation_environment,Рекреация и экологическая комфортность,170,41.909176,31.990000,63.230000
Клёновское,recreation_environment,Рекреация и экологическая комфортность,234,41.057650,34.060000,54.320000
Роговское,recreation_environment,Рекреация и экологическая комфортность,229,40.694367,32.470000,51.630000
Новофёдоровское,recreation_environment,Рекреация и экологическая комфортность,222,40.271982,21.940000,70.210000
Щаповское,recreation_environment,Рекреация и экологическая комфортность,202,40.031584,27.260000,60.850000
Выхино-Жулебино,safety_economic_stability,Безопасность и экономическая стабильность района,41,91.951463,81.590000,96.060000
Люблино,safety_economic_stability,Безопасность и экономическая стабильность района,50,91.479400,71.430000,97.030000
Орехово-Борисово Южное,safety_economic_stability,Безопасность и экономическая стабильность района,24,91.465833,83.480000,96.000000
Нижегородский,safety_economic_stability,Безопасность и экономическая стабильность района,27,91.315185,86.150000,94.970000
Алтуфьевский,safety_economic_stability,Безопасность и экономическая стабильность района,12,91.240833,86.460000,93.920000
Рязанский,safety_economic_stability,Безопасность и экономическая стабильность района,26,91.119231,84.180000,94.970000
Восточный,safety_economic_stability,Безопасность и экономическая стабильность района,9,90.677778,89.640000,90.930000
Вешняки,safety_economic_stability,Безопасность и экономическая стабильность района,24,90.577083,80.770000,96.060000
Ивановское,safety_economic_stability,Безопасность и экономическая стабильность района,20,90.499500,85.350000,92.810000
Бибирево,safety_economic_stability,Безопасность и экономическая стабильность района,23,90.451739,80.090000,93.920000
Старое Крюково,safety_economic_stability,Безопасность и экономическая стабильность района,9,90.051111,81.730000,95.180000
Северное Бутово,safety_economic_stability,Безопасность и экономическая стабильность района,15,89.782000,82.790000,93.400000
Лефортово,safety_economic_stability,Безопасность и экономическая стабильность района,30,89.698000,86.540000,91.380000
Новогиреево,safety_economic_stability,Безопасность и экономическая стабильность района,19,89.360000,82.500000,92.810000
Кузьминки,safety_economic_stability,Безопасность и экономическая стабильность района,17,89.304118,81.210000,93.010000
Перово,safety_economic_stability,Безопасность и экономическая стабильность района,35,89.252857,79.220000,93.200000
Северное Тушино,safety_economic_stability,Безопасность и экономическая стабильность района,21,89.163333,82.190000,91.180000
Текстильщики,safety_economic_stability,Безопасность и экономическая стабильность района,18,89.030556,80.870000,93.010000
Богородское,safety_economic_stability,Безопасность и экономическая стабильность района,20,88.708000,80.730000,92.450000
Зябликово,safety_economic_stability,Безопасность и экономическая стабильность района,16,88.491250,82.130000,90.710000
Ховрино,safety_economic_stability,Безопасность и экономическая стабильность района,19,88.454737,83.120000,91.180000
Матушкино,safety_economic_stability,Безопасность и экономическая стабильность района,14,88.337143,80.910000,93.990000
Крюково,safety_economic_stability,Безопасность и экономическая стабильность района,34,88.289412,70.240000,95.850000
Соколиная Гора,safety_economic_stability,Безопасность и экономическая стабильность района,32,88.201875,77.830000,91.380000
Бескудниковский,safety_economic_stability,Безопасность и экономическая стабильность района,10,88.159000,81.830000,91.140000
Братеево,safety_economic_stability,Безопасность и экономическая стабильность района,18,88.005556,80.280000,90.710000
Восточное Дегунино,safety_economic_stability,Безопасность и экономическая стабильность района,12,87.956667,83.470000,91.140000
Ярославский,safety_economic_stability,Безопасность и экономическая стабильность района,28,87.936786,76.720000,91.330000
Ясенево,safety_economic_stability,Безопасность и экономическая стабильность района,34,87.692353,80.290000,94.980000
Левобережный,safety_economic_stability,Безопасность и экономическая стабильность района,12,87.585000,83.590000,90.770000
Метрогородок,safety_economic_stability,Безопасность и экономическая стабильность района,18,87.463333,74.430000,92.450000
Марьино,safety_economic_stability,Безопасность и экономическая стабильность района,34,87.340882,78.400000,93.890000
Бабушкинский,safety_economic_stability,Безопасность и экономическая стабильность района,19,87.212105,79.610000,89.190000
Свиблово,safety_economic_stability,Безопасность и экономическая стабильность района,16,86.895000,82.470000,90.620000
Орехово-Борисово Северное,safety_economic_stability,Безопасность и экономическая стабильность района,15,86.811333,79.020000,92.350000
Головинский,safety_economic_stability,Безопасность и экономическая стабильность района,32,86.747500,79.330000,90.880000
Капотня,safety_economic_stability,Безопасность и экономическая стабильность района,23,86.537826,75.510000,93.890000
Коптево,safety_economic_stability,Безопасность и экономическая стабильность района,19,86.534211,81.460000,89.450000
Войковский,safety_economic_stability,Безопасность и экономическая стабильность района,17,86.374706,83.420000,89.450000
Новокосино,safety_economic_stability,Безопасность и экономическая стабильность района,13,86.362308,79.990000,91.450000
Тёплый Стан,safety_economic_stability,Безопасность и экономическая стабильность района,22,86.339545,73.710000,93.690000
Лосиноостровский,safety_economic_stability,Безопасность и экономическая стабильность района,16,86.329375,79.580000,91.330000
Чертаново Центральное,safety_economic_stability,Безопасность и экономическая стабильность района,24,86.305833,75.190000,90.420000
Гольяново,safety_economic_stability,Безопасность и экономическая стабильность района,35,86.107143,81.420000,89.950000
Фили-Давыдково,safety_economic_stability,Безопасность и экономическая стабильность района,20,85.894000,79.360000,88.930000
Западное Дегунино,safety_economic_stability,Безопасность и экономическая стабильность района,27,85.875185,78.050000,91.140000
Силино,safety_economic_stability,Безопасность и экономическая стабильность района,17,85.687059,72.260000,94.850000
Бирюлёво Восточное,safety_economic_stability,Безопасность и экономическая стабильность района,32,85.381250,75.890000,94.040000
Царицыно,safety_economic_stability,Безопасность и экономическая стабильность района,30,85.105667,75.470000,91.010000
Косино-Ухтомский,safety_economic_stability,Безопасность и экономическая стабильность района,44,84.842273,67.100000,91.940000
Куркино,safety_economic_stability,Безопасность и экономическая стабильность района,17,84.818235,76.910000,87.470000
Дмитровский,safety_economic_stability,Безопасность и экономическая стабильность района,28,84.807500,73.280000,91.140000
Измайлово,safety_economic_stability,Безопасность и экономическая стабильность района,27,84.215185,75.860000,87.070000
Северное Измайлово,safety_economic_stability,Безопасность и экономическая стабильность района,12,84.185000,75.860000,90.930000
Южное Тушино,safety_economic_stability,Безопасность и экономическая стабильность района,18,84.075556,70.370000,89.530000
Чертаново Северное,safety_economic_stability,Безопасность и экономическая стабильность района,20,84.047500,77.640000,88.660000
Москворечье-Сабурово,safety_economic_stability,Безопасность и экономическая стабильность района,28,83.932857,74.690000,90.470000
"""Мосрентген""",safety_economic_stability,Безопасность и экономическая стабильность района,20,83.544000,64.460000,97.120000
Чертаново Южное,safety_economic_stability,Безопасность и экономическая стабильность района,30,83.537333,70.400000,92.010000
Нагатино-Садовники,safety_economic_stability,Безопасность и экономическая стабильность района,24,83.337917,74.180000,87.710000
Останкинский,safety_economic_stability,Безопасность и экономическая стабильность района,25,83.303200,76.490000,85.680000
Отрадное,safety_economic_stability,Безопасность и экономическая стабильность района,38,83.166842,70.790000,90.700000
Нагорный,safety_economic_stability,Безопасность и экономическая стабильность района,21,83.114762,79.620000,85.470000
Северное Медведково,safety_economic_stability,Безопасность и экономическая стабильность района,21,83.078571,79.030000,87.190000
Ново-Переделкино,safety_economic_stability,Безопасность и экономическая стабильность района,26,82.997308,68.990000,90.680000
Северный,safety_economic_stability,Безопасность и экономическая стабильность района,30,82.662667,69.420000,91.140000
Академический,safety_economic_stability,Безопасность и экономическая стабильность района,21,82.522381,75.850000,86.180000
Коньково,safety_economic_stability,Безопасность и экономическая стабильность района,25,82.450800,74.790000,86.500000
Солнцево,safety_economic_stability,Безопасность и экономическая стабильность района,39,82.426410,68.480000,88.940000
Строгино,safety_economic_stability,Безопасность и экономическая стабильность района,29,82.318621,68.280000,86.740000
Лианозово,safety_economic_stability,Безопасность и экономическая стабильность района,16,82.193750,74.590000,87.030000
Южнопортовый,safety_economic_stability,Безопасность и экономическая стабильность района,17,82.165882,79.580000,83.390000
Савёловский,safety_economic_stability,Безопасность и экономическая стабильность района,9,82.154444,80.660000,83.060000
Тропарёво-Никулино,safety_economic_stability,Безопасность и экономическая стабильность района,30,82.081333,70.740000,89.170000
Тимирязевский,safety_economic_stability,Безопасность и экономическая стабильность района,25,81.417200,76.460000,85.430000
Марьина Роща,safety_economic_stability,Безопасность и экономическая стабильность района,17,81.315882,77.870000,83.060000
Сокол,safety_economic_stability,Безопасность и экономическая стабильность района,12,81.035000,77.490000,82.320000
Бутырский,safety_economic_stability,Безопасность и экономическая стабильность района,22,80.770000,74.850000,85.700000
Южное Медведково,safety_economic_stability,Безопасность и экономическая стабильность района,11,80.720909,73.380000,86.510000
Ростокино,safety_economic_stability,Безопасность и экономическая стабильность района,11,80.686364,72.980000,85.540000
Щукино,safety_economic_stability,Безопасность и экономическая стабильность района,24,80.402500,77.350000,81.620000
Зюзино,safety_economic_stability,Безопасность и экономическая стабильность района,20,80.359500,70.370000,85.470000
Аэропорт,safety_economic_stability,Безопасность и экономическая стабильность района,18,80.329444,77.400000,82.320000
Савёлки,safety_economic_stability,Безопасность и экономическая стабильность района,19,80.296316,57.540000,95.440000
Троицк,safety_economic_stability,Безопасность и экономическая стабильность района,36,80.094722,53.970000,97.310000
Можайский,safety_economic_stability,Безопасность и экономическая стабильность района,52,80.043462,62.000000,88.930000
Некрасовка,safety_economic_stability,Безопасность и экономическая стабильность района,34,79.917059,66.150000,91.940000
Внуково,safety_economic_stability,Безопасность и экономическая стабильность района,56,79.666786,58.370000,90.680000
Котловка,safety_economic_stability,Безопасность и экономическая стабильность района,11,79.268182,76.490000,82.290000
Филёвский Парк,safety_economic_stability,Безопасность и экономическая стабильность района,23,78.519565,72.760000,82.040000
Сокольники,safety_economic_stability,Безопасность и экономическая стабильность района,22,78.314545,72.610000,80.880000
Даниловский,safety_economic_stability,Безопасность и экономическая стабильность района,42,78.075476,70.310000,83.850000
Очаково-Матвеевское,safety_economic_stability,Безопасность и экономическая стабильность района,52,77.935577,65.620000,87.290000
Бирюлёво Западное,safety_economic_stability,Безопасность и экономическая стабильность района,28,77.786786,70.670000,84.870000
Дорогомилово,safety_economic_stability,Безопасность и экономическая стабильность района,27,77.757037,74.190000,80.160000
Марфино,safety_economic_stability,Безопасность и экономическая стабильность района,8,77.628750,73.640000,82.610000
Нагатинский Затон,safety_economic_stability,Безопасность и экономическая стабильность района,22,77.187727,70.920000,86.310000
Басманный,safety_economic_stability,Безопасность и экономическая стабильность района,32,77.072187,72.370000,78.120000
Митино,safety_economic_stability,Безопасность и экономическая стабильность района,36,76.976667,64.060000,85.630000
Московский,safety_economic_stability,Безопасность и экономическая стабильность района,90,76.956111,44.250000,100.000000
Восточное Измайлово,safety_economic_stability,Безопасность и экономическая стабильность района,14,76.792143,69.460000,83.910000
Покровское-Стрешнево,safety_economic_stability,Безопасность и экономическая стабильность района,36,76.781944,67.820000,81.620000
Печатники,safety_economic_stability,Безопасность и экономическая стабильность района,59,76.579661,66.750000,84.940000
Черёмушки,safety_economic_stability,Безопасность и экономическая стабильность района,23,76.349565,69.970000,82.620000
Обручевский,safety_economic_stability,Безопасность и экономическая стабильность района,16,76.103750,66.100000,84.370000
Южное Бутово,safety_economic_stability,Безопасность и экономическая стабильность района,76,76.069079,63.370000,90.970000
Алексеевский,safety_economic_stability,Безопасность и экономическая стабильность района,21,75.879524,69.640000,79.850000
Преображенское,safety_economic_stability,Безопасность и экономическая стабильность района,18,75.557222,69.260000,81.170000
Внуковское,safety_economic_stability,Безопасность и экономическая стабильность района,48,75.393125,47.160000,98.640000
Проспект Вернадского,safety_economic_stability,Безопасность и экономическая стабильность района,15,74.817333,69.380000,78.320000
Хорошёво-Мнёвники,safety_economic_stability,Безопасность и экономическая стабильность района,44,74.391818,64.420000,80.940000
Мещанский,safety_economic_stability,Безопасность и экономическая стабильность района,17,74.068824,68.490000,77.890000
Щербинка,safety_economic_stability,Безопасность и экономическая стабильность района,29,74.044828,63.980000,87.330000
Таганский,safety_economic_stability,Безопасность и экономическая стабильность района,30,73.497000,68.570000,76.110000
Молжаниновский,safety_economic_stability,Безопасность и экономическая стабильность района,24,73.174167,55.000000,87.470000
Ломоносовский,safety_economic_stability,Безопасность и экономическая стабильность района,14,72.497857,69.880000,74.900000
Замоскворечье,safety_economic_stability,Безопасность и экономическая стабильность района,19,72.485263,69.190000,75.290000
Крылатское,safety_economic_stability,Безопасность и экономическая стабильность района,34,72.474412,59.720000,82.150000
Гагаринский,safety_economic_stability,Безопасность и экономическая стабильность района,18,72.470556,66.820000,74.950000
Хорошёвский,safety_economic_stability,Безопасность и экономическая стабильность района,30,71.762667,64.800000,77.040000
Арбат,safety_economic_stability,Безопасность и экономическая стабильность района,8,70.743750,68.370000,71.300000
Пресненский,safety_economic_stability,Безопасность и экономическая стабильность района,42,70.684762,64.100000,74.330000
Якиманка,safety_economic_stability,Безопасность и экономическая стабильность района,11,69.785455,68.400000,70.130000
Тверской,safety_economic_stability,Безопасность и экономическая стабильность района,24,69.442917,64.880000,71.160000
Донской,safety_economic_stability,Безопасность и экономическая стабильность района,19,68.842105,62.330000,72.010000
Беговой,safety_economic_stability,Безопасность и экономическая стабильность района,18,68.152222,61.790000,71.380000
Раменки,safety_economic_stability,Безопасность и экономическая стабильность района,59,67.533559,56.020000,74.950000
Красносельский,safety_economic_stability,Безопасность и экономическая стабильность района,20,65.451000,57.670000,67.370000
Рязановское,safety_economic_stability,Безопасность и экономическая стабильность района,109,64.549725,22.790000,95.490000
Хамовники,safety_economic_stability,Безопасность и экономическая стабильность района,27,63.659630,55.760000,66.780000
Сосенское,safety_economic_stability,Безопасность и экономическая стабильность района,153,52.689150,9.170000,100.000000
Кунцево,safety_economic_stability,Безопасность и экономическая стабильность района,136,52.450882,28.060000,79.010000
Воскресенское,safety_economic_stability,Безопасность и экономическая стабильность района,52,51.095769,27.760000,79.750000
Кокошкино,safety_economic_stability,Безопасность и экономическая стабильность района,28,33.813214,26.860000,53.970000
Щаповское,safety_economic_stability,Безопасность и экономическая стабильность района,202,32.802822,0.000000,70.020000
Филимонковское,safety_economic_stability,Безопасность и экономическая стабильность района,57,30.225965,0.000000,90.010000
Десёновское,safety_economic_stability,Безопасность и экономическая стабильность района,103,26.484078,0.000000,76.180000
Марушкинское,safety_economic_stability,Безопасность и экономическая стабильность района,139,25.868705,0.000000,85.710000
Краснопахорское,safety_economic_stability,Безопасность и экономическая стабильность района,170,24.966176,0.000000,77.920000
Вороновское,safety_economic_stability,Безопасность и экономическая стабильность района,318,23.107264,0.000000,70.480000
Первомайское,safety_economic_stability,Безопасность и экономическая стабильность района,216,20.464120,0.000000,72.670000
Клёновское,safety_economic_stability,Безопасность и экономическая стабильность района,234,20.081795,0.000000,67.710000
Киевский,safety_economic_stability,Безопасность и экономическая стабильность района,65,19.204000,0.000000,35.000000
Новофёдоровское,safety_economic_stability,Безопасность и экономическая стабильность района,222,15.784144,0.000000,50.320000
Роговское,safety_economic_stability,Безопасность и экономическая стабильность района,229,10.566419,0.000000,35.000000
Михайлово-Ярцевское,safety_economic_stability,Безопасность и экономическая стабильность района,110,3.352636,0.000000,35.000000
Замоскворечье,social_infrastructure,Социальная инфраструктура,19,92.925263,86.690000,97.600000
Арбат,social_infrastructure,Социальная инфраструктура,8,92.558750,86.710000,95.330000
Южное Медведково,social_infrastructure,Социальная инфраструктура,11,92.544545,79.710000,97.850000
Савёловский,social_infrastructure,Социальная инфраструктура,9,91.962222,88.520000,95.220000
Проспект Вернадского,social_infrastructure,Социальная инфраструктура,15,91.920667,85.170000,94.890000
Тверской,social_infrastructure,Социальная инфраструктура,24,91.174583,76.830000,97.420000
Ломоносовский,social_infrastructure,Социальная инфраструктура,14,91.101429,85.860000,95.370000
Новокосино,social_infrastructure,Социальная инфраструктура,13,91.046923,81.060000,95.310000
Бабушкинский,social_infrastructure,Социальная инфраструктура,19,90.727368,82.600000,96.930000
Якиманка,social_infrastructure,Социальная инфраструктура,11,90.055455,82.250000,95.580000
Кузьминки,social_infrastructure,Социальная инфраструктура,17,90.037059,86.100000,93.040000
Свиблово,social_infrastructure,Социальная инфраструктура,16,89.851875,81.390000,97.620000
Пресненский,social_infrastructure,Социальная инфраструктура,42,89.439286,81.070000,94.470000
Котловка,social_infrastructure,Социальная инфраструктура,11,89.319091,86.870000,91.640000
Текстильщики,social_infrastructure,Социальная инфраструктура,18,89.024444,76.080000,96.170000
Красносельский,social_infrastructure,Социальная инфраструктура,20,88.957000,77.760000,94.340000
Мещанский,social_infrastructure,Социальная инфраструктура,17,88.441765,81.490000,92.590000
Таганский,social_infrastructure,Социальная инфраструктура,30,88.373000,81.100000,94.120000
Новогиреево,social_infrastructure,Социальная инфраструктура,19,88.074737,78.180000,94.900000
Марьина Роща,social_infrastructure,Социальная инфраструктура,17,87.955294,82.310000,92.330000
Восточное Измайлово,social_infrastructure,Социальная инфраструктура,14,87.879286,79.020000,91.900000
Преображенское,social_infrastructure,Социальная инфраструктура,18,87.816111,80.910000,94.260000
Лефортово,social_infrastructure,Социальная инфраструктура,30,87.718667,77.020000,95.240000
Басманный,social_infrastructure,Социальная инфраструктура,32,87.578437,81.250000,94.330000
Богородское,social_infrastructure,Социальная инфраструктура,20,87.392000,69.820000,94.010000
Бескудниковский,social_infrastructure,Социальная инфраструктура,10,87.025000,79.340000,90.120000
Даниловский,social_infrastructure,Социальная инфраструктура,42,86.978571,75.460000,96.650000
Академический,social_infrastructure,Социальная инфраструктура,21,86.731429,75.560000,92.990000
Зюзино,social_infrastructure,Социальная инфраструктура,20,86.640500,78.130000,92.720000
Нагорный,social_infrastructure,Социальная инфраструктура,21,86.275714,72.880000,92.950000
Аэропорт,social_infrastructure,Социальная инфраструктура,18,86.191667,79.070000,91.880000
Восточное Дегунино,social_infrastructure,Социальная инфраструктура,12,86.164167,78.500000,90.750000
Вешняки,social_infrastructure,Социальная инфраструктура,24,86.163333,79.170000,91.200000
Северное Измайлово,social_infrastructure,Социальная инфраструктура,12,86.052500,73.170000,90.650000
Чертаново Северное,social_infrastructure,Социальная инфраструктура,20,85.824000,77.990000,91.070000
Царицыно,social_infrastructure,Социальная инфраструктура,30,85.815333,73.050000,94.870000
Беговой,social_infrastructure,Социальная инфраструктура,18,85.763333,72.030000,95.020000
Ивановское,social_infrastructure,Социальная инфраструктура,20,85.654000,77.120000,90.660000
Бутырский,social_infrastructure,Социальная инфраструктура,22,85.490909,77.500000,95.010000
Обручевский,social_infrastructure,Социальная инфраструктура,16,85.252500,73.820000,93.890000
Западное Дегунино,social_infrastructure,Социальная инфраструктура,27,85.121111,73.820000,92.950000
Ховрино,social_infrastructure,Социальная инфраструктура,19,85.028947,57.280000,89.900000
Отрадное,social_infrastructure,Социальная инфраструктура,38,85.010526,70.690000,93.260000
Коптево,social_infrastructure,Социальная инфраструктура,19,85.007895,76.770000,90.490000
Алтуфьевский,social_infrastructure,Социальная инфраструктура,12,84.975833,78.160000,89.890000
Южнопортовый,social_infrastructure,Социальная инфраструктура,17,84.865294,63.070000,93.330000
Южное Тушино,social_infrastructure,Социальная инфраструктура,18,84.801667,69.940000,92.250000
Старое Крюково,social_infrastructure,Социальная инфраструктура,9,84.740000,68.700000,93.370000
Филёвский Парк,social_infrastructure,Социальная инфраструктура,23,84.693478,76.380000,90.080000
Щукино,social_infrastructure,Социальная инфраструктура,24,84.527083,78.270000,87.890000
Сокольники,social_infrastructure,Социальная инфраструктура,22,84.457273,72.470000,91.340000
Нагатинский Затон,social_infrastructure,Социальная инфраструктура,22,84.330000,80.480000,87.510000
Ростокино,social_infrastructure,Социальная инфраструктура,11,84.296364,80.330000,87.900000
Лианозово,social_infrastructure,Социальная инфраструктура,16,84.251875,78.380000,90.790000
Донской,social_infrastructure,Социальная инфраструктура,19,84.139474,77.020000,89.750000
Строгино,social_infrastructure,Социальная инфраструктура,29,84.117241,60.970000,93.600000
Хамовники,social_infrastructure,Социальная инфраструктура,27,84.097037,68.080000,94.440000
Тёплый Стан,social_infrastructure,Социальная инфраструктура,22,83.998636,76.420000,89.260000
Дорогомилово,social_infrastructure,Социальная инфраструктура,27,83.972222,56.720000,93.850000
Рязанский,social_infrastructure,Социальная инфраструктура,26,83.916154,77.710000,90.140000
Нагатино-Садовники,social_infrastructure,Социальная инфраструктура,24,83.875417,73.060000,91.990000
Выхино-Жулебино,social_infrastructure,Социальная инфраструктура,41,83.835366,68.970000,90.110000
Лосиноостровский,social_infrastructure,Социальная инфраструктура,16,83.743125,70.600000,91.860000
Дмитровский,social_infrastructure,Социальная инфраструктура,28,83.531071,63.500000,91.320000
Измайлово,social_infrastructure,Социальная инфраструктура,27,83.424444,71.110000,90.090000
Орехово-Борисово Северное,social_infrastructure,Социальная инфраструктура,15,83.346667,77.680000,86.650000
Чертаново Центральное,social_infrastructure,Социальная инфраструктура,24,83.345417,64.690000,91.560000
Сокол,social_infrastructure,Социальная инфраструктура,12,83.220000,76.940000,85.320000
Северное Тушино,social_infrastructure,Социальная инфраструктура,21,82.932381,58.070000,93.890000
Перово,social_infrastructure,Социальная инфраструктура,35,82.884286,67.010000,94.730000
Коньково,social_infrastructure,Социальная инфраструктура,25,82.820000,70.210000,90.970000
Хорошёво-Мнёвники,social_infrastructure,Социальная инфраструктура,44,82.769545,59.160000,92.700000
Марфино,social_infrastructure,Социальная инфраструктура,8,82.735000,78.420000,85.840000
Северное Медведково,social_infrastructure,Социальная инфраструктура,21,82.728571,72.110000,94.610000
Черёмушки,social_infrastructure,Социальная инфраструктура,23,82.566522,73.520000,88.680000
Тимирязевский,social_infrastructure,Социальная инфраструктура,25,82.483200,73.360000,90.180000
Марьино,social_infrastructure,Социальная инфраструктура,34,82.460000,68.540000,90.810000
Останкинский,social_infrastructure,Социальная инфраструктура,25,82.456000,63.150000,88.730000
Фили-Давыдково,social_infrastructure,Социальная инфраструктура,20,82.443000,77.060000,86.230000
Ярославский,social_infrastructure,Социальная инфраструктура,28,82.312143,46.450000,93.190000
Хорошёвский,social_infrastructure,Социальная инфраструктура,30,82.217667,72.170000,88.600000
Головинский,social_infrastructure,Социальная инфраструктура,32,82.170938,76.150000,89.590000
Алексеевский,social_infrastructure,Социальная инфраструктура,21,81.903333,76.420000,87.330000
Москворечье-Сабурово,social_infrastructure,Социальная инфраструктура,28,81.648214,70.940000,93.050000
Гагаринский,social_infrastructure,Социальная инфраструктура,18,81.570556,71.640000,89.700000
Покровское-Стрешнево,social_infrastructure,Социальная инфраструктура,36,81.536111,66.740000,95.410000
Гольяново,social_infrastructure,Социальная инфраструктура,35,81.384857,67.170000,89.260000
Соколиная Гора,social_infrastructure,Социальная инфраструктура,32,81.376562,59.170000,92.350000
Митино,social_infrastructure,Социальная инфраструктура,36,81.292222,61.650000,94.570000
Бибирево,social_infrastructure,Социальная инфраструктура,23,81.063043,69.000000,89.920000
Ново-Переделкино,social_infrastructure,Социальная инфраструктура,26,80.495385,57.370000,90.000000
Войковский,social_infrastructure,Социальная инфраструктура,17,80.288824,73.700000,86.020000
Люблино,social_infrastructure,Социальная инфраструктура,50,80.218400,36.890000,97.860000
Матушкино,social_infrastructure,Социальная инфраструктура,14,79.742143,63.830000,91.420000
Чертаново Южное,social_infrastructure,Социальная инфраструктура,30,79.731667,59.920000,89.440000
Тропарёво-Никулино,social_infrastructure,Социальная инфраструктура,30,78.659000,54.550000,91.880000
Бирюлёво Восточное,social_infrastructure,Социальная инфраструктура,32,78.199062,52.110000,87.610000
Зябликово,social_infrastructure,Социальная инфраструктура,16,76.858750,50.980000,84.040000
Братеево,social_infrastructure,Социальная инфраструктура,18,76.824444,49.730000,86.900000
Ясенево,social_infrastructure,Социальная инфраструктура,34,76.716765,57.890000,85.010000
Восточный,social_infrastructure,Социальная инфраструктура,9,76.587778,58.620000,84.920000
Нижегородский,social_infrastructure,Социальная инфраструктура,27,76.560000,64.680000,89.930000
Солнцево,social_infrastructure,Социальная инфраструктура,39,76.189744,41.340000,89.130000
Крылатское,social_infrastructure,Социальная инфраструктура,34,76.069706,54.310000,88.090000
Печатники,social_infrastructure,Социальная инфраструктура,59,75.389831,57.780000,94.650000
Орехово-Борисово Южное,social_infrastructure,Социальная инфраструктура,24,75.367083,36.940000,86.040000
Северное Бутово,social_infrastructure,Социальная инфраструктура,15,74.871333,67.030000,79.320000
Левобережный,social_infrastructure,Социальная инфраструктура,12,74.824167,43.120000,88.760000
Метрогородок,social_infrastructure,Социальная инфраструктура,18,74.481111,49.940000,84.010000
Куркино,social_infrastructure,Социальная инфраструктура,17,74.445882,53.390000,85.950000
Крюково,social_infrastructure,Социальная инфраструктура,34,74.173529,19.000000,94.610000
Раменки,social_infrastructure,Социальная инфраструктура,59,73.841864,52.130000,90.140000
Бирюлёво Западное,social_infrastructure,Социальная инфраструктура,28,73.366786,45.610000,84.810000
Савёлки,social_infrastructure,Социальная инфраструктура,19,72.839474,35.100000,91.750000
Косино-Ухтомский,social_infrastructure,Социальная инфраструктура,44,71.795682,36.400000,92.580000
Очаково-Матвеевское,social_infrastructure,Социальная инфраструктура,52,67.105962,30.750000,86.630000
Южное Бутово,social_infrastructure,Социальная инфраструктура,76,66.295658,43.660000,90.590000
"""Мосрентген""",social_infrastructure,Социальная инфраструктура,20,62.015000,44.010000,75.120000
Капотня,social_infrastructure,Социальная инфраструктура,23,61.158696,23.720000,82.170000
Силино,social_infrastructure,Социальная инфраструктура,17,60.132353,15.790000,91.560000
Можайский,social_infrastructure,Социальная инфраструктура,52,59.539423,4.280000,84.380000
Северный,social_infrastructure,Социальная инфраструктура,30,59.338667,23.690000,78.420000
Щербинка,social_infrastructure,Социальная инфраструктура,29,54.891724,40.790000,67.280000
Московский,social_infrastructure,Социальная инфраструктура,90,53.705444,27.110000,86.960000
Некрасовка,social_infrastructure,Социальная инфраструктура,34,52.064412,18.310000,67.180000
Внуковское,social_infrastructure,Социальная инфраструктура,48,50.617708,14.980000,84.000000
Сосенское,social_infrastructure,Социальная инфраструктура,153,49.467124,14.140000,85.080000
Троицк,social_infrastructure,Социальная инфраструктура,36,46.375278,18.830000,60.980000
Воскресенское,social_infrastructure,Социальная инфраструктура,52,39.364808,11.700000,61.790000
Рязановское,social_infrastructure,Социальная инфраструктура,109,35.664771,3.180000,63.240000
Внуково,social_infrastructure,Социальная инфраструктура,56,34.229643,9.040000,58.290000
Кокошкино,social_infrastructure,Социальная инфраструктура,28,33.188214,14.790000,45.700000
Десёновское,social_infrastructure,Социальная инфраструктура,103,32.954466,1.730000,66.630000
Молжаниновский,social_infrastructure,Социальная инфраструктура,24,28.064167,6.020000,45.390000
Филимонковское,social_infrastructure,Социальная инфраструктура,57,27.517368,5.990000,53.010000
Кунцево,social_infrastructure,Социальная инфраструктура,136,24.044265,0.000000,83.100000
Первомайское,social_infrastructure,Социальная инфраструктура,216,21.238472,0.000000,52.140000
Краснопахорское,social_infrastructure,Социальная инфраструктура,170,19.792235,0.000000,46.570000
Марушкинское,social_infrastructure,Социальная инфраструктура,139,17.306187,1.900000,36.440000
Михайлово-Ярцевское,social_infrastructure,Социальная инфраструктура,110,11.852818,0.000000,50.040000
Щаповское,social_infrastructure,Социальная инфраструктура,202,11.608614,0.000000,33.880000
Вороновское,social_infrastructure,Социальная инфраструктура,318,10.790031,0.000000,59.140000
Киевский,social_infrastructure,Социальная инфраструктура,65,10.639077,0.000000,35.260000
Роговское,social_infrastructure,Социальная инфраструктура,229,8.142926,0.000000,45.700000
Новофёдоровское,social_infrastructure,Социальная инфраструктура,222,7.183784,0.000000,46.760000
Клёновское,social_infrastructure,Социальная инфраструктура,234,6.174103,0.000000,34.870000
Якиманка,transport_accessibility,Транспортная доступность,11,99.092727,97.250000,100.000000
Тверской,transport_accessibility,Транспортная доступность,24,98.890833,95.670000,100.000000
Южнопортовый,transport_accessibility,Транспортная доступность,17,98.778235,95.160000,100.000000
Мещанский,transport_accessibility,Транспортная доступность,17,98.775294,95.160000,100.000000
Таганский,transport_accessibility,Транспортная доступность,30,98.708000,93.650000,100.000000
Аэропорт,transport_accessibility,Транспортная доступность,18,98.456667,94.990000,100.000000
Бутырский,transport_accessibility,Транспортная доступность,22,98.411818,90.360000,100.000000
Арбат,transport_accessibility,Транспортная доступность,8,98.228750,95.490000,100.000000
Нагорный,transport_accessibility,Транспортная доступность,21,98.200000,85.890000,100.000000
Бескудниковский,transport_accessibility,Транспортная доступность,10,97.908000,92.140000,100.000000
Марфино,transport_accessibility,Транспортная доступность,8,97.881250,93.470000,99.460000
Замоскворечье,transport_accessibility,Транспортная доступность,19,97.879474,92.300000,100.000000
Савёловский,transport_accessibility,Транспортная доступность,9,97.767778,89.850000,100.000000
Фили-Давыдково,transport_accessibility,Транспортная доступность,20,97.707500,91.050000,100.000000
Марьина Роща,transport_accessibility,Транспортная доступность,17,97.447059,88.730000,100.000000
Зюзино,transport_accessibility,Транспортная доступность,20,97.432000,89.500000,100.000000
Нижегородский,transport_accessibility,Транспортная доступность,27,97.428889,84.410000,100.000000
Проспект Вернадского,transport_accessibility,Транспортная доступность,15,97.398667,93.040000,100.000000
Сокол,transport_accessibility,Транспортная доступность,12,97.379167,92.900000,100.000000
Пресненский,transport_accessibility,Транспортная доступность,42,97.276905,86.390000,100.000000
Восточное Дегунино,transport_accessibility,Транспортная доступность,12,97.106667,89.370000,100.000000
Новогиреево,transport_accessibility,Транспортная доступность,19,96.989474,91.650000,100.000000
Красносельский,transport_accessibility,Транспортная доступность,20,96.862500,82.750000,100.000000
Преображенское,transport_accessibility,Транспортная доступность,18,96.760000,87.910000,100.000000
Хорошёвский,transport_accessibility,Транспортная доступность,30,96.608667,84.510000,100.000000
Академический,transport_accessibility,Транспортная доступность,21,96.546667,75.650000,100.000000
Хамовники,transport_accessibility,Транспортная доступность,27,96.529259,86.990000,100.000000
Ломоносовский,transport_accessibility,Транспортная доступность,14,96.430714,88.380000,99.650000
Беговой,transport_accessibility,Транспортная доступность,18,96.303333,88.590000,100.000000
Дорогомилово,transport_accessibility,Транспортная доступность,27,96.176667,81.590000,100.000000
Соколиная Гора,transport_accessibility,Транспортная доступность,32,95.480625,82.770000,100.000000
Басманный,transport_accessibility,Транспортная доступность,32,95.476875,79.750000,100.000000
Свиблово,transport_accessibility,Транспортная доступность,16,95.399375,79.520000,100.000000
Войковский,transport_accessibility,Транспортная доступность,17,94.787059,82.300000,100.000000
Лефортово,transport_accessibility,Транспортная доступность,30,94.636333,76.300000,100.000000
Чертаново Южное,transport_accessibility,Транспортная доступность,30,94.351667,77.450000,100.000000
Зябликово,transport_accessibility,Транспортная доступность,16,94.305625,61.700000,100.000000
Текстильщики,transport_accessibility,Транспортная доступность,18,94.253333,80.770000,100.000000
Черёмушки,transport_accessibility,Транспортная доступность,23,94.169565,77.130000,100.000000
Рязанский,transport_accessibility,Транспортная доступность,26,93.820385,80.710000,100.000000
Коньково,transport_accessibility,Транспортная доступность,25,93.628400,78.090000,100.000000
Алтуфьевский,transport_accessibility,Транспортная доступность,12,93.375000,83.050000,100.000000
Кузьминки,transport_accessibility,Транспортная доступность,17,93.306471,72.730000,99.580000
Тёплый Стан,transport_accessibility,Транспортная доступность,22,93.268182,79.990000,100.000000
Лианозово,transport_accessibility,Транспортная доступность,16,93.160000,79.510000,100.000000
Отрадное,transport_accessibility,Транспортная доступность,38,93.091579,73.320000,100.000000
Даниловский,transport_accessibility,Транспортная доступность,42,93.058333,74.570000,100.000000
Обручевский,transport_accessibility,Транспортная доступность,16,92.936250,81.220000,100.000000
Бабушкинский,transport_accessibility,Транспортная доступность,19,92.806842,79.060000,100.000000
Нагатинский Затон,transport_accessibility,Транспортная доступность,22,92.731364,77.450000,100.000000
Северное Бутово,transport_accessibility,Транспортная доступность,15,92.726667,68.800000,100.000000
Чертаново Северное,transport_accessibility,Транспортная доступность,20,92.472500,79.710000,100.000000
Раменки,transport_accessibility,Транспортная доступность,59,92.321017,72.520000,100.000000
Перово,transport_accessibility,Транспортная доступность,35,92.301714,72.910000,100.000000
Донской,transport_accessibility,Транспортная доступность,19,92.293158,68.110000,100.000000
Филёвский Парк,transport_accessibility,Транспортная доступность,23,92.132609,68.180000,100.000000
Ховрино,transport_accessibility,Транспортная доступность,19,92.036842,79.070000,100.000000
Выхино-Жулебино,transport_accessibility,Транспортная доступность,41,91.934634,64.090000,100.000000
Останкинский,transport_accessibility,Транспортная доступность,25,91.907200,70.440000,100.000000
Тимирязевский,transport_accessibility,Транспортная доступность,25,91.728400,60.870000,100.000000
Покровское-Стрешнево,transport_accessibility,Транспортная доступность,36,91.676944,68.920000,100.000000
Коптево,transport_accessibility,Транспортная доступность,19,91.555789,80.200000,100.000000
Измайлово,transport_accessibility,Транспортная доступность,27,91.441111,72.840000,100.000000
Гагаринский,transport_accessibility,Транспортная доступность,18,91.265556,78.660000,100.000000
Западное Дегунино,transport_accessibility,Транспортная доступность,27,91.228889,73.410000,100.000000
Чертаново Центральное,transport_accessibility,Транспортная доступность,24,91.174167,77.160000,100.000000
Щукино,transport_accessibility,Транспортная доступность,24,90.933750,70.600000,100.000000
Митино,transport_accessibility,Транспортная доступность,36,90.701667,70.970000,100.000000
Котловка,transport_accessibility,Транспортная доступность,11,90.284545,78.930000,100.000000
Нагатино-Садовники,transport_accessibility,Транспортная доступность,24,90.171667,75.090000,100.000000
Марьино,transport_accessibility,Транспортная доступность,34,90.138529,72.720000,100.000000
Москворечье-Сабурово,transport_accessibility,Транспортная доступность,28,90.101786,73.760000,100.000000
Алексеевский,transport_accessibility,Транспортная доступность,21,90.022857,70.640000,100.000000
Левобережный,transport_accessibility,Транспортная доступность,12,89.744167,70.190000,100.000000
Солнцево,transport_accessibility,Транспортная доступность,39,89.312821,63.180000,100.000000
Тропарёво-Никулино,transport_accessibility,Транспортная доступность,30,89.222000,48.900000,100.000000
Головинский,transport_accessibility,Транспортная доступность,32,89.025625,74.350000,99.350000
Ново-Переделкино,transport_accessibility,Транспортная доступность,26,88.926154,37.310000,99.640000
Ростокино,transport_accessibility,Транспортная доступность,11,88.663636,81.320000,98.640000
Южное Тушино,transport_accessibility,Транспортная доступность,18,88.639444,74.170000,100.000000
Бибирево,transport_accessibility,Транспортная доступность,23,88.435652,65.390000,100.000000
Северное Тушино,transport_accessibility,Транспортная доступность,21,88.206190,67.720000,100.000000
Богородское,transport_accessibility,Транспортная доступность,20,87.214000,76.310000,100.000000
Вешняки,transport_accessibility,Транспортная доступность,24,86.840833,73.190000,100.000000
Орехово-Борисово Северное,transport_accessibility,Транспортная доступность,15,86.737333,73.060000,98.700000
Царицыно,transport_accessibility,Транспортная доступность,30,86.731333,66.870000,99.790000
Хорошёво-Мнёвники,transport_accessibility,Транспортная доступность,44,86.344318,64.950000,100.000000
Сокольники,transport_accessibility,Транспортная доступность,22,86.145000,68.510000,100.000000
Братеево,transport_accessibility,Транспортная доступность,18,85.908333,54.900000,98.400000
Дмитровский,transport_accessibility,Транспортная доступность,28,85.813214,59.130000,100.000000
Новокосино,transport_accessibility,Транспортная доступность,13,85.473846,66.340000,100.000000
Северное Медведково,transport_accessibility,Транспортная доступность,21,85.116667,71.780000,95.160000
Строгино,transport_accessibility,Транспортная доступность,29,84.688966,46.150000,100.000000
Люблино,transport_accessibility,Транспортная доступность,50,84.606800,46.460000,100.000000
Косино-Ухтомский,transport_accessibility,Транспортная доступность,44,84.287273,55.680000,100.000000
Орехово-Борисово Южное,transport_accessibility,Транспортная доступность,24,83.965000,56.460000,100.000000
Печатники,transport_accessibility,Транспортная доступность,59,83.639831,36.160000,99.760000
Можайский,transport_accessibility,Транспортная доступность,52,82.911346,51.240000,100.000000
Ясенево,transport_accessibility,Транспортная доступность,34,82.449118,56.110000,96.420000
Очаково-Матвеевское,transport_accessibility,Транспортная доступность,52,81.742692,50.250000,100.000000
Восточное Измайлово,transport_accessibility,Транспортная доступность,14,81.025714,62.300000,98.600000
Северное Измайлово,transport_accessibility,Транспортная доступность,12,78.928333,58.500000,99.500000
Крылатское,transport_accessibility,Транспортная доступность,34,78.415294,35.230000,100.000000
Южное Медведково,transport_accessibility,Транспортная доступность,11,78.192727,71.450000,83.720000
Гольяново,transport_accessibility,Транспортная доступность,35,78.008000,61.450000,98.420000
"""Мосрентген""",transport_accessibility,Транспортная доступность,20,77.363500,63.860000,92.710000
Бирюлёво Западное,transport_accessibility,Транспортная доступность,28,77.190000,57.530000,97.590000
Метрогородок,transport_accessibility,Транспортная доступность,18,76.356667,60.850000,99.090000
Ивановское,transport_accessibility,Транспортная доступность,20,75.417000,63.630000,95.320000
Южное Бутово,transport_accessibility,Транспортная доступность,76,74.350789,33.680000,100.000000
Внуковское,transport_accessibility,Транспортная доступность,48,74.236667,30.850000,98.160000
Молжаниновский,transport_accessibility,Транспортная доступность,24,74.236667,18.850000,90.970000
Щербинка,transport_accessibility,Транспортная доступность,29,74.090000,52.100000,91.120000
Силино,transport_accessibility,Транспортная доступность,17,71.893529,60.640000,95.230000
Старое Крюково,transport_accessibility,Транспортная доступность,9,71.850000,47.160000,94.760000
Лосиноостровский,transport_accessibility,Транспортная доступность,16,71.748750,65.290000,83.660000
Северный,transport_accessibility,Транспортная доступность,30,71.698333,27.850000,100.000000
Крюково,transport_accessibility,Транспортная доступность,34,68.722059,43.040000,96.120000
Бирюлёво Восточное,transport_accessibility,Транспортная доступность,32,67.431250,43.730000,97.140000
Куркино,transport_accessibility,Транспортная доступность,17,66.554706,57.420000,77.460000
Некрасовка,transport_accessibility,Транспортная доступность,34,65.109118,6.260000,96.650000
Ярославский,transport_accessibility,Транспортная доступность,28,64.758214,14.880000,93.470000
Сосенское,transport_accessibility,Транспортная доступность,153,64.680392,3.870000,96.370000
Кокошкино,transport_accessibility,Транспортная доступность,28,63.031071,17.420000,83.810000
Матушкино,transport_accessibility,Транспортная доступность,14,62.867143,59.080000,65.860000
Московский,transport_accessibility,Транспортная доступность,90,62.749222,10.320000,98.280000
Внуково,transport_accessibility,Транспортная доступность,56,57.708036,19.520000,88.000000
Савёлки,transport_accessibility,Транспортная доступность,19,56.440000,46.750000,61.200000
Капотня,transport_accessibility,Транспортная доступность,23,54.963043,31.640000,70.910000
Троицк,transport_accessibility,Транспортная доступность,36,50.381944,26.960000,58.860000
Марушкинское,transport_accessibility,Транспортная доступность,139,46.328201,2.460000,88.110000
Восточный,transport_accessibility,Транспортная доступность,9,43.741111,22.520000,56.500000
Рязановское,transport_accessibility,Транспортная доступность,109,43.366330,2.800000,86.120000
Кунцево,transport_accessibility,Транспортная доступность,136,37.454265,0.000000,100.000000
Воскресенское,transport_accessibility,Транспортная доступность,52,34.263269,1.400000,85.900000
Десёновское,transport_accessibility,Транспортная доступность,103,30.962039,0.000000,58.860000
Филимонковское,transport_accessibility,Транспортная доступность,57,30.855789,0.730000,51.040000
Краснопахорское,transport_accessibility,Транспортная доступность,170,23.668647,0.000000,54.310000
Первомайское,transport_accessibility,Транспортная доступность,216,23.524630,0.000000,58.860000
Вороновское,transport_accessibility,Транспортная доступность,318,20.878239,0.000000,57.530000
Щаповское,transport_accessibility,Транспортная доступность,202,18.934505,0.000000,51.040000
Киевский,transport_accessibility,Транспортная доступность,65,15.171385,0.000000,53.200000
Новофёдоровское,transport_accessibility,Транспортная доступность,222,14.707297,0.000000,58.630000
Михайлово-Ярцевское,transport_accessibility,Транспортная доступность,110,14.618273,0.000000,41.140000
Клёновское,transport_accessibility,Транспортная доступность,234,14.252692,0.000000,50.000000
Роговское,transport_accessibility,Транспортная доступность,229,10.834192,0.000000,46.680000
